,City,Country,Latitude,Temperature (F),Humidity,Cloudiness,WindSpeed
0,Lagoa,PT,37.14,75.2,60,0,11.41
1,Padang,ID,-0.92,81.56,100,12,2.37
2,Punta Arenas,CL,-53.16,42.8,75,40,13.87
3,Atuona,PF,-9.8,79.04,100,0,14.9
4,Cape Town,ZA,-33.93,57.2,76,20,11.41
5,Busselton,AU,-33.64,59.69,100,12,18.25
6,Hermanus,ZA,-34.42,48.44,92,20,3.49
7,Faya,SA,18.39,73.4,46,75,3.6
8,Flin Flon,CA,54.77,66.2,52,90,11.41
9,Rikitea,PF,-23.12,73.91,100,64,4.16
10,Uruguaiana,BR,-29.77,54.52,100,90,8.05
11,Saurimo,AO,-9.66,56.09,54,0,2.93
12,Motygino,RU,58.18,51.59,81,44,3.71
13,Ushuaia,AR,-54.81,41.25,64,0,15.12
14,Tuktoyaktuk,CA,69.44,64.4,77,20,9.17
15,Thompson,CA,55.74,66.2,55,75,12.75
16,Bredasdorp,ZA,-34.53,57.2,87,32,2.24
17,Oranjemund,ZA,-28.55,59.6,98,0,20.15
18,Vostok,RU,46.45,70.94,97,92,3.6
19,Rocha,UY,-34.48,53.39,96,92,18.14
20,Kieta,PG,-6.22,77.42,100,48,2.26
21,Chokurdakh,RU,70.62,41.42,92,92,11.99
22,Hobart,AU,-42.88,48.2,61,20,16.11
23,Hilo,US,19.71,76.15,69,90,4.7
24,Castro,CL,-42.48,45.92,88,48,3.04
25,Guerrero Negro,MX,27.97,84.35,57,76,9.31
26,Pisco,PE,-13.71,66.2,77,40,10.29
27,Turka,UA,49.16,62.66,97,92,6.17
28,Kapaa,US,22.08,84.2,70,40,16.11
29,Kadaya,RU,50.93,50.6,81,0,3.04
30,Albany,US,42.65,78.08,83,90,13.87
31,Esperance,TT,10.24,87.8,58,20,12.75
32,Lasa,CY,34.92,78.01,83,40,5.82
33,Saint George,GR,39.45,73.4,73,40,3.36
34,Goderich,CA,43.74,75.35,76,0,7.63
35,Fort-Shevchenko,KZ,44.51,83.09,65,44,18.48
36,Vung Tau,VN,10.35,78.8,94,40,5.82
37,Port Alfred,ZA,-33.59,63.11,100,100,4.61
38,Broken Hill,AU,-31.97,38.99,83,8,5.17
39,Avarua,CK,-21.21,82.4,78,40,8.05
40,Moree,AU,-29.46,45.74,84,12,5.06
41,Qaanaaq,GL,77.48,38.0,91,56,1.92
42,Saskylakh,RU,71.97,48.98,76,0,9.75
43,Chau Doc,VN,10.71,76.25,97,88,3.15
44,Saint-Joseph,FR,43.56,77.02,78,0,3.36
45,Lavrentiya,RU,65.58,44.3,93,12,5.5
46,Souillac,FR,45.6,75.2,60,0,4.7
47,Nanortalik,GL,60.14,42.68,86,0,6.62
48,Itupiranga,BR,-5.13,95.0,39,0,6.93
49,Mataura,NZ,-46.19,33.68,93,92,3.6
50,Yulara,AU,-25.24,44.6,52,24,4.7
51,Kamenka,RU,53.19,66.8,70,92,7.74
52,Mar del Plata,AR,-46.43,50.78,47,24,5.73
53,Bethel,US,60.79,69.8,52,40,6.93
54,Vaini,IN,15.34,70.31,98,92,7.18
55,Virginia Beach,US,36.85,81.41,78,75,6.93
56,Georgetown,GY,6.8,86.0,70,75,6.93
57,Severo-Kurilsk,RU,50.68,51.14,96,92,6.85
58,Mahon,IE,51.89,60.8,87,40,6.93
59,Provideniya,RU,64.42,48.2,93,75,4.47
60,Bluff,AU,-23.58,44.66,82,12,2.71
61,Port Elizabeth,US,39.31,76.66,88,75,8.05
62,Ouadda,CF,8.07,72.38,87,56,5.61
63,Beringovskiy,RU,63.05,51.32,100,12,7.4
64,Yarmouth,GB,50.71,69.55,63,0,6.93
65,East London,ZA,-33.02,65.72,100,92,3.6
66,Vestmannaeyjar,IS,63.44,50.87,96,92,20.6
67,Faanui,PF,-16.48,79.49,100,0,10.76
68,Gimli,CA,50.63,64.01,88,68,16.35
69,Victoria,BN,5.28,78.78,88,75,1.12
70,Mana,RS,43.52,63.39,100,75,1.12
71,Kutum,SD,14.2,82.64,21,88,6.29
72,El Escorial,ES,40.58,82.69,29,0,8.05
73,Fairbanks,US,64.84,76.12,36,20,3.36
74,Batemans Bay,AU,-35.71,44.84,100,0,3.6
75,Mount Gambier,AU,-37.83,47.9,90,92,3.94
76,Sambava,MG,-14.27,71.03,100,92,21.5
77,Jamestown,AU,-33.21,37.37,86,44,5.5
78,La Brea,TT,10.24,87.8,58,20,12.75
79,Hithadhoo,MV,-0.6,82.19,100,76,19.71
80,Muros,ES,42.77,69.8,77,40,3.36
81,Hluti,SZ,-27.22,51.05,82,0,2.48
82,Pontes e Lacerda,BR,-15.23,73.01,69,0,5.61
83,Saint-Philippe,CA,45.36,77.0,74,75,13.87
84,Ilulissat,GL,69.22,39.2,86,75,3.36
85,Puerto Colombia,CO,10.99,87.8,74,75,13.87
86,Puerto Montt,CL,-41.47,46.4,75,75,3.36
87,Djambala,CG,-2.55,69.77,76,0,7.4
88,Hami,CN,42.84,74.36,40,32,7.18
89,Hasaki,JP,35.73,73.4,88,75,8.05
90,Ballina,IE,54.11,64.4,72,40,9.17
91,Camacha,PT,33.08,72.39,69,40,9.17
92,Niteroi,BR,-29.95,60.8,93,75,13.87
93,Puri,ID,-7.54,71.6,83,20,6.93
94,Opuwo,NA,-18.06,50.6,50,0,5.06
95,Darjiu,RO,46.2,68.0,94,92,2.93
96,Sussex,CA,45.72,69.8,88,90,9.17
97,Hamilton,BM,32.3,82.4,78,40,12.75
98,Zaysan,KZ,47.47,51.41,79,88,4.72
99,Banda Aceh,ID,5.56,77.06,92,20,4.16
100,Dikson,RU,73.51,41.42,100,92,22.5
101,Sioux Lookout,CA,50.1,61.32,68,75,13.87
102,Cabo San Lucas,MX,22.89,89.1,62,5,16.11
103,San Cristobal,EC,-0.39,64.4,45,75,18.34
104,Wodonga,AU,-36.12,41.0,93,75,4.61
105,Belyy Yar,RU,53.6,57.2,62,0,11.18
106,New Norfolk,AU,-42.78,48.2,61,20,16.11
107,Thanh Hoa,VN,10.21,77.78,98,68,6.29
108,Kachiry,KZ,53.07,54.74,87,0,7.52
109,Omaruru,NA,-21.42,52.22,44,0,8.75
110,Carnarvon,ZA,-30.97,43.31,65,0,5.5
111,Klaksvik,FO,62.23,51.8,93,36,6.93
112,Shimoda,JP,34.7,77.0,94,75,2.24
113,High Rock,BS,26.63,89.6,66,75,8.05
114,Hovd,NO,63.83,57.99,77,75,6.93
115,Leningradskiy,RU,69.38,36.92,100,80,14.67
116,Popondetta,PG,-8.77,65.72,86,64,1.92
117,Port Blair,IN,11.67,81.11,100,92,19.6
118,Camargo,MX,27.69,97.04,18,44,4.61
119,Uusikaupunki,FI,60.8,64.4,82,0,3.36
120,Mehamn,NO,71.03,53.06,93,75,1.12
121,Amqui,CA,48.47,82.4,61,75,12.75
122,Karratha,AU,-20.74,59.96,85,36,9.19
123,Fukue,JP,35.03,81.46,78,75,6.93
124,Oeiras do Para,BR,-2.0,85.25,72,20,5.39
125,Karaidel,RU,55.83,63.83,82,8,2.59
126,Lebu,ET,8.96,55.4,93,75,2.24
127,Ust-Maya,RU,60.42,55.46,98,0,3.15
128,Port Hardy,CA,50.7,59.0,82,40,5.82
129,Puqi,CN,29.72,80.84,85,0,1.7
130,Tazovskiy,RU,67.47,54.83,62,0,16.02
131,Scarborough,GB,54.28,68.88,94,0,10.29
132,Nabire,ID,-3.36,65.99,94,12,2.04
133,Huarmey,PE,-10.07,73.01,55,0,4.05
134,Haines Junction,CA,60.75,69.41,33,0,3.71
135,Bazarnyye Mataki,RU,54.9,71.48,66,20,8.41
136,Pulaski,US,37.05,70.47,94,90,3.04
137,Yellowknife,CA,62.45,68.0,64,5,13.87
138,Sterling,US,39.0,78.08,94,75,3.36
139,Svetlogorsk,RU,53.14,60.8,82,20,8.95
140,Zainsk,RU,55.29,71.6,64,0,8.95
141,Sao Filipe,CV,14.9,76.52,99,12,9.08
142,Kaitangata,NZ,-46.28,35.66,90,80,4.72
143,Yumen,CN,40.29,73.01,27,48,9.75
144,Ribeira Grande,PT,38.52,71.6,64,40,14.99
145,Bull Savanna,JM,17.89,85.97,56,80,7.52
146,Baykit,RU,61.68,49.07,94,68,2.82
147,Mantua,IT,45.16,77.04,73,0,4.7
148,Kodiak,US,39.95,84.2,51,1,3.36
149,Khatanga,RU,71.98,50.69,85,92,4.38
150,Buta,CD,2.79,73.82,85,76,2.93
151,Saint Anthony,US,43.97,84.79,30,1,3.36
152,Balkhash,KZ,46.84,65.27,100,0,15.23
153,Bayanday,RU,53.07,61.22,99,92,3.94
154,Yagodnoye,RU,62.52,55.19,93,92,2.71
155,Damghan,IR,36.17,73.01,39,0,3.27
156,Nadym,RU,65.53,58.79,53,8,13.67
157,Miri,NG,10.31,69.68,91,32,3.94
158,Miguel Hidalgo,MX,19.41,78.48,25,40,11.41
159,Torbay,CA,47.66,75.2,69,75,19.46
160,Aklavik,CA,68.22,80.85,57,75,2.24
161,Ginda,IN,30.69,58.97,100,92,1.48
162,Linhares,BR,-19.38,70.94,68,44,7.29
163,Slave Lake,CA,55.28,71.6,46,1,10.29
164,Barrow,AR,-38.31,47.99,55,0,5.06
165,Port Hawkesbury,CA,45.62,82.4,65,1,11.41
166,Leh,IN,34.16,35.12,94,56,1.59
167,Broome,GB,52.47,67.66,77,8,4.7
168,Nikolskoye,RU,59.7,69.8,83,75,4.47
169,Conakry,GN,9.52,75.98,100,100,12.77
170,Kajaani,FI,64.22,75.2,57,0,3.36
171,Carutapera,BR,-1.2,81.02,81,56,11.32
172,Coria,ES,39.98,67.52,67,0,2.37
173,Pevek,RU,69.7,44.03,94,92,6.96
174,Shenjiamen,CN,29.96,82.55,94,8,15.57
175,Praia,BR,-20.25,69.8,46,20,6.93
176,Norman Wells,CA,65.28,84.2,35,40,5.82
177,Upernavik,GL,72.79,38.99,92,92,6.96
178,Butaritari,KI,3.07,84.08,100,44,5.73
179,Lompoc,US,34.64,80.98,53,1,13.87
180,Inirida,CO,3.87,74.99,91,92,2.93
181,Chuy,UY,-33.69,55.82,95,92,22.73
182,Inhambane,MZ,-23.87,63.74,100,0,5.5
183,Turukhansk,RU,65.8,52.4,75,80,6.62
184,Chapais,CA,49.78,73.4,78,75,5.82
185,Cidreira,BR,-30.17,59.69,97,92,19.26
186,Farafangana,MG,-22.82,71.57,100,8,11.99
187,Ponta Delgada,PT,37.73,69.8,88,75,8.05
188,Ponta do Sol,BR,-20.63,68.06,45,8,5.84
189,Nantucket,US,41.28,75.18,83,75,14.99
190,Jiaocheng,CN,24.68,76.79,89,48,2.26
191,Menomonie,US,44.88,78.76,36,40,18.34
192,La Romana,DO,18.43,87.39,59,40,18.34
193,Puerto Ayora,EC,-0.74,75.2,73,90,8.05
194,Tuatapere,NZ,-46.13,44.21,100,92,10.31
195,Ler,NO,63.2,57.94,77,75,6.93
196,Cherskiy,RU,68.75,54.56,56,36,3.49
197,Vila Franca do Campo,PT,37.72,69.8,88,75,8.05
198,Sitka,US,37.17,95.33,32,24,16.02
199,Vila Velha,BR,-3.71,80.6,74,0,12.75
200,Mareeba,AU,-16.99,62.6,93,40,4.7
201,Iqaluit,CA,63.75,51.8,62,75,6.93
202,Constitucion,MX,23.99,84.2,20,75,2.24
203,Port-Gentil,GA,-0.72,75.2,78,75,8.05
204,Meulaboh,ID,4.14,78.41,100,56,1.92
205,Gat,SN,14.69,82.4,65,0,9.17
206,Jiuquan,CN,39.73,62.75,42,24,4.5
207,Luderitz,NA,-26.65,55.64,83,0,9.64
208,Debre Tabor,ET,11.86,59.24,95,88,2.37
209,Tura,IN,25.52,75.71,99,68,2.48
210,Siniscola,IT,40.57,80.6,57,0,5.82
211,Kavaratti,IN,10.57,82.46,96,92,21.94
212,Port Lincoln,AU,-34.72,52.49,100,48,12.1
213,Bathsheba,BB,13.22,84.2,74,75,19.46
214,Mahebourg,MU,-20.41,71.6,73,40,13.87
215,Caluquembe,AO,-13.78,50.87,49,0,5.5
216,Birjand,IR,32.86,80.6,9,0,11.41
217,Minudasht,IR,37.23,78.68,77,0,3.94
218,Tasiilaq,GL,65.61,48.2,49,0,11.41
219,Patitirion,GR,39.15,77.0,73,20,5.82
220,Komsomolskiy,RU,67.55,57.89,54,0,7.52
221,Zaltan,LY,32.95,76.34,95,0,6.73
222,Udachnyy,RU,66.42,47.27,87,36,2.26
223,Arona,IT,45.76,67.78,73,0,4.7
224,Winnemucca,US,40.97,98.6,16,1,9.17
225,Shepetivka,UA,50.18,69.05,89,56,6.85
226,Ostrovnoy,RU,68.05,72.11,56,0,14.34
227,Tari,NG,12.41,73.64,91,80,9.53
228,Isangel,VU,-19.55,73.37,100,36,15.01
229,Santa Isabel do Rio Negro,BR,-0.41,83.54,74,48,3.94
230,Dire Dawa,ET,9.59,62.3,76,24,6.73
231,Dunedin,NZ,-45.87,30.62,94,92,2.93
232,Bahia Blanca,AR,-38.72,51.05,59,0,6.17
233,Lata,IN,30.78,58.97,100,92,1.48
234,Tiksi,RU,71.64,42.14,85,20,7.96
235,Hauterive,FR,46.09,71.6,64,0,2.24
236,Mbekenyera,TZ,-10.0,67.52,74,0,3.94
237,Mikun,RU,62.35,63.56,70,8,3.94
238,Dahra,DZ,36.25,86.0,37,0,2.59
239,Dobresti,RO,46.85,69.8,77,12,6.93
240,Samarai,PG,-10.62,77.69,100,88,13.56
241,Sao Joao da Barra,BR,-21.64,75.2,69,40,9.17
242,Dingle,PH,11.0,74.99,93,64,5.39
243,Teguldet,RU,57.31,53.57,60,0,4.83
244,Falmouth,GB,50.16,62.6,77,20,4.7
245,Atikokan,CA,48.76,68.87,60,68,8.75
246,Alugan,PH,12.22,78.41,100,44,11.77
247,Zabaykalsk,CN,49.64,56.81,87,0,7.18
248,Centralia,US,39.21,88.29,33,1,4.7
249,Chalus,IR,36.66,80.6,88,20,2.93
250,Belmonte,PT,40.36,65.63,79,0,2.15
251,Muli,IN,22.62,80.66,79,92,13.33
252,Belle Fourche,US,44.67,74.52,53,20,3.36
253,Alakurtti,RU,66.96,76.34,45,20,5.73
254,Puerto Narino,CO,-3.77,84.2,70,75,3.36
255,Vanimo,PG,-2.67,83.63,100,24,15.01
256,Windhoek,NA,-22.57,43.22,65,0,6.17
257,Tara,JP,33.0,80.6,83,40,3.36
258,Longyearbyen,NO,78.22,46.4,81,75,8.05
259,Homer,US,59.64,57.99,77,90,4.7
260,Petropavlovsk-Kamchatskiy,RU,53.05,55.4,100,90,2.24
261,Abay,KZ,49.63,51.8,100,20,2.24
262,Marienburg,DE,52.12,78.84,53,0,4.7
263,Magdagachi,RU,53.45,57.8,88,0,2.59
264,Lewisporte,CA,49.25,78.8,65,75,17.22
265,Arraial do Cabo,BR,-22.97,75.15,65,20,6.93
266,Matara,PE,-13.74,55.37,38,0,2.48
267,Coihaique,CL,-45.58,48.2,57,0,4.7
268,Katsuura,JP,33.93,77.87,91,8,4.38
269,Evensk,RU,61.92,58.34,90,92,6.17
270,Kavieng,PG,-2.57,77.42,100,76,24.07
271,Ust-Tsilma,RU,65.44,68.42,52,76,5.84
272,Wanxian,CN,30.8,75.71,79,64,2.15
273,Ancud,CL,-41.87,47.09,85,36,3.15
274,Alcudia,ES,39.85,78.8,69,0,3.36
275,Khor,RU,47.88,68.15,100,92,8.19
276,San Patricio,PY,-26.98,56.09,90,88,2.48
277,Oelde,DE,51.83,75.79,57,0,1.12
278,Takoradi,GH,4.89,74.18,100,88,11.32
279,Alice Springs,AU,-23.7,44.6,48,0,4.7
280,Hegang,CN,47.34,67.97,93,76,5.28
281,Kambove,CD,-10.88,51.59,55,0,5.73
282,Alihe,CN,50.57,49.34,82,0,2.37
283,Aranyosapati,HU,48.21,71.39,67,20,10.09
284,Vestmanna,FO,62.16,51.8,93,20,6.93
285,Baculin,PH,7.45,78.68,93,32,4.61
286,Shahr-e Babak,IR,30.12,77.87,17,12,13.0
287,Revelstoke,CA,50.99,78.8,34,1,6.93
288,Riyadh,SA,24.63,91.4,13,0,2.24
289,San Pedro,AR,-33.68,50.51,100,92,13.44
290,Ornskoldsvik,SE,63.29,69.96,82,24,1.12
291,Alofi,NU,-19.06,77.0,61,40,12.75
292,Victor Harbor,AU,-35.55,46.4,100,75,4.05
293,Dehloran,IR,32.69,87.23,29,24,1.03
294,Aksu,KZ,52.04,55.4,87,0,6.71
295,Grand Gaube,MU,-20.01,71.6,73,40,13.87
296,Puerto Madero,AR,-34.61,51.8,93,90,11.41
297,Namatanai,PG,-3.66,79.13,100,64,8.86
298,Chegdomyn,RU,51.13,60.05,97,92,3.15
299,Batsfjord,NO,70.63,55.38,93,75,9.17
300,Flinders,AU,-34.58,46.4,70,0,8.05
301,Waddan,LY,29.16,82.64,33,0,10.09
302,Mitsamiouli,KM,-11.38,77.51,93,8,14.23
303,Sungaipenuh,ID,-2.08,66.44,98,68,0.69
304,Kilindoni,TZ,-7.91,77.51,92,0,18.14
305,Mbandaka,CD,0.05,73.82,87,20,3.94
306,Tampilisan,PH,7.97,71.3,89,20,2.71
307,Halifax,CA,44.65,78.17,83,75,14.99
308,Payakumbuh,ID,-0.23,70.31,93,24,2.48
309,Grants Pass,US,42.44,90.01,37,90,3.36
310,Berdigestyakh,RU,62.1,52.85,96,76,3.38
311,Zabid,YE,14.2,57.89,70,88,0.69
312,Rawson,AR,-43.3,56.45,34,0,7.96
313,Half Moon Bay,US,37.46,79.39,77,40,13.87
314,Sao Gabriel da Cachoeira,BR,-0.13,82.4,78,40,3.36
315,Matay,EG,28.42,84.35,31,0,5.73
316,Arlit,NE,18.74,89.57,34,44,10.09
317,Springbok,ZA,-29.67,47.36,54,0,2.82
318,Ambilobe,MG,-13.19,74.63,68,92,13.78
319,Qaqortoq,GL,60.72,60.8,26,0,10.29
320,Olenino,RU,56.21,62.75,93,48,7.18
321,Prado,BR,-17.34,76.52,94,44,13.0
322,Churapcha,RU,62.0,55.01,89,0,2.93
323,Paranhos,PY,-23.89,73.91,70,64,2.71
324,Goma,CD,-1.67,63.29,75,100,2.37
325,Sola,NO,58.89,60.8,87,20,5.17
326,Havre-Saint-Pierre,CA,50.23,80.6,65,20,12.75
327,Talara,PE,-4.58,77.0,73,0,11.99
328,Gladstone,AU,-23.84,50.15,100,0,3.49
329,Clyde River,CA,70.47,37.4,100,90,8.05
330,Sorland,NO,67.67,57.2,87,40,4.7
331,Angoche,MZ,-16.23,74.18,100,0,12.55
332,Palmer,AU,-34.85,46.4,100,75,5.84
333,Salalah,OM,17.01,78.8,88,90,4.7
334,Agropoli,IT,40.35,75.62,100,0,7.74
335,Zhigansk,RU,66.77,51.68,66,0,4.5
336,Nizwa,OM,22.93,82.46,43,0,5.17
337,Godfrey,US,38.96,86.02,35,75,9.17
338,Florence,US,34.8,87.04,38,1,8.05
339,Adrar,DZ,27.87,102.2,10,0,8.05
340,Catio,GW,11.28,78.68,87,48,11.43
341,Bayan,MN,47.25,61.67,65,32,12.77
342,Chulman,RU,56.84,58.25,85,0,5.39
343,Mujiayingzi,CN,42.12,62.84,90,88,4.16
344,Cacapava do Sul,BR,-30.51,58.97,97,92,12.66
345,Verkhoyansk,RU,67.55,47.54,92,44,3.6
346,Husavik,CA,50.56,64.01,88,68,16.35
347,Narsaq,GL,60.91,60.8,26,0,10.29
348,Tarko-Sale,RU,64.92,60.32,51,0,14.23
349,Ganzhou,CN,25.86,77.42,88,8,2.93
350,Pingliang,CN,35.54,65.72,95,64,3.49
351,Pacific Grove,US,36.62,78.17,72,1,9.17
352,San Luis,AR,-33.3,56.99,23,0,1.92
353,Sangar,RU,63.92,50.96,92,0,2.59
354,Fortuna,ES,38.18,76.1,83,0,2.24
355,Araouane,ML,18.9,91.37,18,0,10.98
356,Itarema,BR,-2.92,83.81,58,0,16.91
357,San Quintin,PH,17.54,72.83,95,88,2.59
358,Mahibadhoo,MV,3.78,82.64,100,92,19.04
359,Wismar,DE,53.89,73.4,64,20,3.36
360,San Jose,PH,15.79,71.12,100,100,1.81
361,Hambantota,LK,6.12,80.21,98,24,18.37
362,Penzance,GB,50.12,62.6,77,20,4.7
363,Langsa,ID,4.47,70.22,96,56,2.15
364,Shitanjing,CN,39.23,57.98,87,20,2.48
365,Denpasar,ID,-8.65,63.11,100,0,1.92
366,Romny,UA,50.74,66.44,94,0,9.19
367,Guacara,VE,10.23,82.4,74,40,4.5
368,Maxixe,MZ,-23.86,63.74,100,0,5.5
369,Galle,US,29.74,97.43,36,75,3.36
370,Gossas,SN,14.49,83.32,65,24,9.17
371,Cayenne,GF,4.94,80.6,88,0,3.36
372,Bay Roberts,CA,47.58,75.2,69,75,19.46
373,Omboue,GA,-1.57,72.29,100,80,11.43
374,Tilichiki,RU,60.47,52.13,100,92,4.27
375,San Carlos,VE,9.66,77.0,94,90,6.73
376,Vao,EE,59.1,66.62,85,24,2.71
377,Shetpe,KZ,44.14,85.88,27,0,14.67
378,Berlevag,NO,70.86,53.02,93,75,9.17
379,Lorengau,PG,-2.02,80.12,100,92,10.65
380,Saquena,PE,-4.67,87.05,54,36,6.62
381,Yaounde,CM,3.87,71.6,94,40,3.49
382,Geraldton,CA,49.72,73.4,49,40,11.41
383,Eureka,US,40.8,60.84,87,90,6.93
384,Ixtapa,MX,20.71,89.6,75,40,10.29
385,Whitehorse,CA,60.72,77.0,29,75,9.17
386,Biak,ID,-0.91,74.63,100,64,4.83
387,Puerto Escondido,MX,15.86,87.8,66,5,11.41
388,Sur,OM,22.57,88.31,83,0,4.38
389,Kang,BW,-23.67,45.47,70,0,2.93
390,Miyako,JP,33.63,81.57,83,40,3.36
391,Chabahar,IR,25.29,84.44,100,0,6.96
392,Almaznyy,RU,48.03,79.4,49,44,10.2
393,Constantine,DZ,36.36,78.8,34,20,4.7
394,Kisangani,CD,0.52,74.18,92,56,1.59
395,Buraydah,SA,26.33,91.4,21,0,3.36
396,Waipawa,NZ,-39.94,50.15,79,12,13.56
397,Bilibino,RU,68.06,57.35,91,56,2.93
398,Miles City,US,46.41,73.4,49,90,13.87
399,Aromashevo,RU,56.86,65.45,64,0,4.94
400,Nanakuli,US,21.39,81.84,58,40,16.11
401,Pangnirtung,CA,66.15,46.4,100,90,4.7
402,Campbeltown,GB,55.43,60.8,67,20,4.7
403,Quang Ngai,VN,15.12,70.67,92,44,2.15
404,Zaria,NG,11.11,70.76,93,56,7.18
405,Umm Kaddadah,SD,13.6,81.74,52,32,11.88
406,Conde,BR,-11.81,74.72,87,92,11.43
407,Kontagora,NG,10.4,71.3,98,76,4.05
408,Kenai,US,60.55,60.8,82,90,14.99
409,Agucadoura,PT,41.43,64.4,100,75,6.93
410,Dhidhdhoo,MV,6.88,80.39,100,68,17.47
411,New Ulm,US,44.31,78.24,61,40,13.87
412,Nisia Floresta,BR,-6.09,80.6,69,75,18.34
413,Labuhan,ID,-2.54,69.68,98,12,2.04
414,Klooga,EE,59.32,68.0,68,0,6.93
415,Bila Tserkva,UA,49.8,69.05,86,36,5.73
416,Coquimbo,CL,-29.95,53.6,76,0,10.29
417,Nhulunbuy,AU,-12.18,66.2,100,0,15.79
418,Decatur,US,35.51,84.27,57,20,8.05
419,Pangoa,PE,-12.12,70.49,78,36,2.71
420,Pundaguitan,PH,6.37,83.0,100,8,10.87
421,Minab,IR,27.15,91.4,79,56,6.93
422,Tessalit,ML,20.2,86.51,15,8,6.73
423,Airai,TL,-8.93,61.04,89,0,2.04
424,Epinal,FR,48.18,72.82,77,0,3.36
425,Muzhi,RU,65.4,64.37,62,0,4.27
426,Palauig,PH,15.44,74.45,100,92,5.95
427,Teknaf,BD,20.86,74.0,99,92,3.38
428,Fort Nelson,CA,58.81,80.6,36,40,6.93
429,Itoman,JP,26.12,80.49,88,1,6.93
430,Zhuhai,CN,40.71,62.6,82,0,4.47
431,Najran,SA,17.54,91.4,17,40,6.93
432,Anuchino,RU,43.97,75.98,79,0,5.73
433,Sydney,AU,-33.85,42.04,71,20,8.05
434,Soe,EE,57.91,66.2,77,0,3.36
435,Moron,VE,10.49,82.4,74,40,6.62
436,Zaqatala,AZ,41.63,82.4,69,20,11.41
437,Katherine,AU,-14.47,57.2,76,0,4.7
438,Mapiripan,CO,2.89,80.03,84,92,2.37
439,Bar Harbor,US,44.39,74.3,88,90,18.34
440,Rio Grande,BR,-32.03,59.0,93,90,18.34
441,Aykhal,RU,65.95,46.01,82,0,2.59
442,Benghazi,LY,32.12,78.8,74,75,5.82
443,Hobyo,SO,5.35,75.62,73,12,21.5
444,Bambous Virieux,MU,-20.34,71.6,73,40,13.87
445,Wanning,AT,48.64,64.4,93,75,5.82
446,Ambovombe,MG,-25.18,61.85,99,0,8.3
447,Catuday,PH,16.29,76.79,100,80,6.06
448,Straumen,NO,63.87,60.8,77,75,6.93
449,Shelburne,CA,44.08,81.27,57,1,11.41
450,Macau,BR,-5.11,86.96,45,12,14.23
451,Plymouth,GB,50.37,64.42,77,0,4.7
452,Mwinilunga,ZM,-11.73,53.3,55,0,4.38
453,Hofn,IS,64.25,50.69,93,8,7.4
454,Caravelas,BR,-17.73,76.52,98,0,14.67
455,Poum,MK,41.28,58.43,94,48,1.59
456,Lakatoro,VU,-16.11,75.89,87,8,9.42
457,Tomatlan,MX,19.93,89.75,59,48,6.17
458,Anloga,GH,5.79,77.0,94,20,12.75
459,Kununurra,AU,-15.77,51.8,93,0,2.71
460,Portland,US,45.52,89.6,29,20,3.36
461,Havoysund,NO,71.0,53.6,93,75,4.7
462,Kungurtug,RU,50.6,47.54,96,12,2.93
463,Kahului,US,20.89,78.13,78,75,17.22
464,Redmond,US,47.67,85.21,30,1,8.05
465,Crotone,IT,39.09,79.31,95,0,12.44
466,Saldanha,PT,41.42,71.57,53,0,5.28
467,Falam,MM,22.91,67.07,99,92,1.92
468,Truth or Consequences,US,33.13,98.6,18,1,4.7
469,Smithers,CA,54.78,77.0,38,20,3.36
470,Salaga,GH,8.55,74.72,95,76,12.44
471,Surt,LY,31.21,76.97,97,12,8.97
472,Los Llanos de Aridane,ES,28.66,71.6,68,0,16.11
473,Palencia,ES,42.01,74.45,36,0,4.72
474,Carmen,PH,7.2,72.74,93,56,2.59
475,Naryan-Mar,RU,67.67,65.45,63,12,3.04
476,Senador Jose Porfirio,BR,-2.59,84.89,77,20,2.15
477,Vezirkopru,TR,41.14,71.6,68,0,5.82
478,Kalmar,SE,56.66,68.0,94,20,4.7
479,Suntar,RU,62.16,52.94,94,80,5.39
480,Bosaso,SO,11.28,88.22,85,0,4.94
481,Morant Bay,JM,17.88,89.6,66,20,21.92
482,Namibe,AO,-15.19,66.17,100,48,2.71
483,Bodaybo,RU,57.85,57.98,99,80,2.37
484,Vardo,US,39.62,73.71,94,20,4.7
485,Puebloviejo,CO,10.99,89.33,63,75,9.17
486,Bida,NG,9.08,74.18,97,92,6.51
487,Green River,US,41.53,73.4,31,90,9.86
488,Pasewalk,DE,53.51,69.8,77,0,3.36
489,Varca,IN,15.22,76.79,100,92,16.13
490,Orel,UA,47.02,69.8,88,0,5.82
491,Uruzgan,AF,32.93,47.0,53,0,2.04
492,Lavello,IT,41.05,71.71,59,0,10.29
493,Pringsewu,ID,-5.36,72.02,92,32,2.37
494,Ojinaga,US,29.56,101.0,22,8,5.28
495,Antofagasta,CL,-23.65,55.4,76,75,13.87
496,Kurilsk,RU,45.23,52.4,95,48,7.74
497,Tucurui,BR,-3.77,81.38,75,76,4.38
498,Lebedinyy,RU,58.52,57.44,97,32,2.15
499,Lerwick,GB,60.15,58.1,62,12,13.87
500,Avera,US,33.19,88.88,52,40,6.93
501,Ullal,IN,12.8,77.0,94,75,5.82
502,Novoagansk,RU,61.94,64.73,55,12,9.19
503,Camaqua,BR,-30.85,58.61,97,92,18.7
504,Saint-Pierre,FR,48.95,77.99,53,0,3.36
505,Timbuktu,ML,16.77,91.28,30,0,7.63
506,La Rioja,AR,-29.41,51.32,59,0,2.59
507,Staszow,PL,50.56,70.04,80,48,5.73
508,Puerto Madryn,AR,-42.77,57.26,55,0,21.72
509,Roald,NO,62.58,56.68,100,0,2.24
510,Libenge,CD,3.65,73.19,97,64,2.93
511,Santa Ana,SV,13.99,90.09,41,0,4.7
512,Atambua,ID,-9.11,70.67,100,0,5.61
513,Srednekolymsk,RU,67.46,56.09,100,92,4.27
514,Awbari,LY,26.59,85.07,19,0,5.5
515,Gorontalo,ID,0.54,73.91,93,32,2.59
516,Port Keats,AU,-14.25,61.04,98,0,3.71
517,Basco,US,40.33,82.09,61,1,4.7
518,Tiarei,PF,-17.53,84.2,66,40,17.22
519,Codrington,AU,-28.95,43.58,85,24,2.26
520,Albina,GF,5.5,79.67,86,80,2.15
521,Asosa,ET,10.07,62.48,97,36,2.71
522,Tam Ky,VN,15.57,80.6,78,75,1.12
523,Banepa,NP,27.63,69.8,100,75,1.92
524,Cockburn Town,TC,21.46,82.91,97,0,19.48
525,Sharjah,AE,25.36,93.67,53,0,9.17
526,Picayune,US,30.53,90.97,55,40,9.17
527,Gillette,US,44.29,77.0,38,1,10.29
528,Yuncheng,CN,35.03,73.28,91,0,2.37
529,Sorong,ID,-0.86,81.2,100,64,9.75
530,Vallenar,CL,-28.58,61.94,57,0,3.38
531,Achalpur,IN,21.25,72.83,98,92,12.33
532,Jiaonan,CN,35.88,82.4,94,75,6.71
533,Praia da Vitoria,PT,38.73,69.8,83,75,12.55
534,Nouadhibou,MR,20.93,69.8,83,0,21.92
535,Djenne,ML,13.91,89.12,53,36,11.21
536,Suez,EG,29.97,84.71,43,0,5.95
537,Imeni Poliny Osipenko,RU,52.42,55.91,91,68,7.4
538,Bonthe,SL,7.53,74.72,100,92,6.62
539,Bulle,CH,46.61,71.01,88,8,3.36
540,Manaira,BR,-7.71,76.79,57,8,11.99
541,Pionerskiy,RU,61.2,68.96,49,36,4.61
542,Aksha,RU,50.28,63.56,93,80,2.71
543,Mnogovershinnyy,RU,53.94,53.57,99,88,1.92
